{
    "confusion_matrix": [
        [
            9770,
            115
        ],
        [
            114,
            1
        ]
    ],
    "report": {
        "0": {
            "precision": 0.9884662080129503,
            "recall": 0.9883662114314619,
            "f1-score": 0.9884162071930801,
            "support": 9885.0
        },
        "1": {
            "precision": 0.008620689655172414,
            "recall": 0.008695652173913044,
            "f1-score": 0.008658008658008656,
            "support": 115.0
        },
        "accuracy": 0.9771,
        "macro avg": {
            "precision": 0.4985434488340613,
            "recall": 0.4985309318026874,
            "f1-score": 0.4985371079255444,
            "support": 10000.0
        },
        "weighted avg": {
            "precision": 0.9771979845518357,
            "recall": 0.9771,
            "f1-score": 0.9771489879099269,
            "support": 10000.0
        }
    },
    "precision": 0.008620689655172414,
    "recall": 0.008695652173913044,
    "f1": 0.008658008658008656
}