{
    "confusion_matrix": [
        [
            9786,
            99
        ],
        [
            114,
            1
        ]
    ],
    "report": {
        "0": {
            "precision": 0.9884848484848485,
            "recall": 0.9899848254931715,
            "f1-score": 0.9892342683851402,
            "support": 9885.0
        },
        "1": {
            "precision": 0.01,
            "recall": 0.008695652173913044,
            "f1-score": 0.009302325581395349,
            "support": 115.0
        },
        "accuracy": 0.9787,
        "macro avg": {
            "precision": 0.49924242424242427,
            "recall": 0.4993402388335422,
            "f1-score": 0.49926829698326775,
            "support": 10000.0
        },
        "weighted avg": {
            "precision": 0.9772322727272728,
            "recall": 0.9787,
            "f1-score": 0.9779650510428972,
            "support": 10000.0
        }
    },
    "precision": 0.01,
    "recall": 0.008695652173913044,
    "f1": 0.009302325581395349
}